[{"model": "admin.logentry", "pk": 1, "fields": {"action_time": "2024-10-25T09:33:49.652Z", "user": 1, "content_type": 10, "object_id": "1", "object_repr": "Category: TV, ID - 1", "action_flag": 1, "change_message": "[{\"added\": {}}]"}}, {"model": "admin.logentry", "pk": 2, "fields": {"action_time": "2024-10-25T09:34:04.880Z", "user": 1, "content_type": 10, "object_id": "2", "object_repr": "Category: Music, ID - 2", "action_flag": 1, "change_message": "[{\"added\": {}}]"}}, {"model": "admin.logentry", "pk": 3, "fields": {"action_time": "2024-10-25T09:34:16.598Z", "user": 1, "content_type": 10, "object_id": "3", "object_repr": "Category: Phone, ID - 3", "action_flag": 1, "change_message": "[{\"added\": {}}]"}}, {"model": "admin.logentry", "pk": 4, "fields": {"action_time": "2024-10-25T09:34:24.439Z", "user": 1, "content_type": 10, "object_id": "4", "object_repr": "Category: Other, ID - 4", "action_flag": 1, "change_message": "[{\"added\": {}}]"}}, {"model": "admin.logentry", "pk": 5, "fields": {"action_time": "2024-10-25T09:34:41.034Z", "user": 1, "content_type": 11, "object_id": "1", "object_repr": "Category: TV, ID - 1, Url: category/category_1/cat_tv.jpeg", "action_flag": 1, "change_message": "[{\"added\": {}}]"}}, {"model": "admin.logentry", "pk": 6, "fields": {"action_time": "2024-10-25T09:35:24.421Z", "user": 1, "content_type": 11, "object_id": "2", "object_repr": "Category: Music, ID - 2, Url: category/category_2/cat_music.jpeg", "action_flag": 1, "change_message": "[{\"added\": {}}]"}}, {"model": "admin.logentry", "pk": 7, "fields": {"action_time": "2024-10-25T09:35:41.804Z", "user": 1, "content_type": 11, "object_id": "3", "object_repr": "Category: Phone, ID - 3, Url: category/category_3/cat_phone.jpeg", "action_flag": 1, "change_message": "[{\"added\": {}}]"}}, {"model": "admin.logentry", "pk": 8, "fields": {"action_time": "2024-10-25T09:35:53.746Z", "user": 1, "content_type": 11, "object_id": "4", "object_repr": "Category: Other, ID - 4, Url: category/category_4/cat_other.jpeg", "action_flag": 1, "change_message": "[{\"added\": {}}]"}}, {"model": "admin.logentry", "pk": 9, "fields": {"action_time": "2024-10-25T09:36:41.216Z", "user": 1, "content_type": 9, "object_id": "1", "object_repr": "Specifications: size - 1", "action_flag": 1, "change_message": "[{\"added\": {}}]"}}, {"model": "admin.logentry", "pk": 10, "fields": {"action_time": "2024-10-25T09:36:48.171Z", "user": 1, "content_type": 9, "object_id": "2", "object_repr": "Specifications: value - 2", "action_flag": 1, "change_message": "[{\"added\": {}}]"}}, {"model": "admin.logentry", "pk": 11, "fields": {"action_time": "2024-10-25T09:37:27.437Z", "user": 1, "content_type": 9, "object_id": "3", "object_repr": "Specifications: height - 3", "action_flag": 1, "change_message": "[{\"added\": {}}]"}}, {"model": "admin.logentry", "pk": 12, "fields": {"action_time": "2024-10-25T09:38:08.972Z", "user": 1, "content_type": 12, "object_id": "1", "object_repr": "Product: TV, ID - 1", "action_flag": 1, "change_message": "[{\"added\": {}}]"}}, {"model": "admin.logentry", "pk": 13, "fields": {"action_time": "2024-10-25T09:38:44.672Z", "user": 1, "content_type": 12, "object_id": "2", "object_repr": "Product: Gramophone, ID - 2", "action_flag": 1, "change_message": "[{\"added\": {}}]"}}, {"model": "admin.logentry", "pk": 14, "fields": {"action_time": "2024-10-25T09:39:20.075Z", "user": 1, "content_type": 12, "object_id": "3", "object_repr": "Product: Phone, ID - 3", "action_flag": 1, "change_message": "[{\"added\": {}}]"}}, {"model": "admin.logentry", "pk": 15, "fields": {"action_time": "2024-10-25T09:40:13.573Z", "user": 1, "content_type": 12, "object_id": "4", "object_repr": "Product: Vacuum cleaner, ID - 4", "action_flag": 1, "change_message": "[{\"added\": {}}]"}}, {"model": "admin.logentry", "pk": 16, "fields": {"action_time": "2024-10-25T09:40:53.527Z", "user": 1, "content_type": 13, "object_id": "1", "object_repr": "Product: TV, ID - 1, Url: /media/products/product_1/tv1.jpeg", "action_flag": 1, "change_message": "[{\"added\": {}}]"}}, {"model": "admin.logentry", "pk": 17, "fields": {"action_time": "2024-10-25T09:41:07.084Z", "user": 1, "content_type": 13, "object_id": "2", "object_repr": "Product: TV, ID - 1, Url: /media/products/product_1/tv2.jpeg", "action_flag": 1, "change_message": "[{\"added\": {}}]"}}, {"model": "admin.logentry", "pk": 18, "fields": {"action_time": "2024-10-25T09:41:28.504Z", "user": 1, "content_type": 13, "object_id": "3", "object_repr": "Product: Gramophone, ID - 2, Url: /media/products/product_2/gramophone1.jpeg", "action_flag": 1, "change_message": "[{\"added\": {}}]"}}, {"model": "admin.logentry", "pk": 19, "fields": {"action_time": "2024-10-25T09:41:42.484Z", "user": 1, "content_type": 13, "object_id": "4", "object_repr": "Product: Gramophone, ID - 2, Url: /media/products/product_2/gramophone2.jpeg", "action_flag": 1, "change_message": "[{\"added\": {}}]"}}, {"model": "admin.logentry", "pk": 20, "fields": {"action_time": "2024-10-25T09:42:09.492Z", "user": 1, "content_type": 13, "object_id": "5", "object_repr": "Product: Phone, ID - 3, Url: /media/products/product_3/phone1.jpeg", "action_flag": 1, "change_message": "[{\"added\": {}}]"}}, {"model": "admin.logentry", "pk": 21, "fields": {"action_time": "2024-10-25T09:42:26.962Z", "user": 1, "content_type": 13, "object_id": "6", "object_repr": "Product: Phone, ID - 3, Url: /media/products/product_3/phone2.jpeg", "action_flag": 1, "change_message": "[{\"added\": {}}]"}}, {"model": "admin.logentry", "pk": 22, "fields": {"action_time": "2024-10-25T09:42:40.279Z", "user": 1, "content_type": 13, "object_id": "7", "object_repr": "Product: Vacuum cleaner, ID - 4, Url: /media/products/product_4/vacuum_cleaner1.jpeg", "action_flag": 1, "change_message": "[{\"added\": {}}]"}}, {"model": "admin.logentry", "pk": 23, "fields": {"action_time": "2024-10-25T09:43:01.244Z", "user": 1, "content_type": 13, "object_id": "8", "object_repr": "Product: Vacuum cleaner, ID - 4, Url: /media/products/product_4/vacuum_cleaner2.jpeg", "action_flag": 1, "change_message": "[{\"added\": {}}]"}}, {"model": "admin.logentry", "pk": 24, "fields": {"action_time": "2024-10-25T09:44:44.568Z", "user": 1, "content_type": 12, "object_id": "5", "object_repr": "Product: Desktop, ID - 5", "action_flag": 1, "change_message": "[{\"added\": {}}]"}}, {"model": "admin.logentry", "pk": 25, "fields": {"action_time": "2024-10-25T09:45:36.693Z", "user": 1, "content_type": 12, "object_id": "6", "object_repr": "Product: Radio, ID - 6", "action_flag": 1, "change_message": "[{\"added\": {}}]"}}, {"model": "admin.logentry", "pk": 26, "fields": {"action_time": "2024-10-25T09:45:43.335Z", "user": 1, "content_type": 12, "object_id": "6", "object_repr": "Product: Radio, ID - 6", "action_flag": 2, "change_message": "[{\"changed\": {\"fields\": [\"Specifications\"]}}]"}}, {"model": "admin.logentry", "pk": 27, "fields": {"action_time": "2024-10-25T09:46:32.954Z", "user": 1, "content_type": 12, "object_id": "7", "object_repr": "Product: Fridge, ID - 7", "action_flag": 1, "change_message": "[{\"added\": {}}]"}}, {"model": "admin.logentry", "pk": 28, "fields": {"action_time": "2024-10-25T09:46:54.228Z", "user": 1, "content_type": 13, "object_id": "9", "object_repr": "Product: Desktop, ID - 5, Url: /media/products/product_5/desktop1.jpeg", "action_flag": 1, "change_message": "[{\"added\": {}}]"}}, {"model": "admin.logentry", "pk": 29, "fields": {"action_time": "2024-10-25T09:47:05.781Z", "user": 1, "content_type": 13, "object_id": "10", "object_repr": "Product: Desktop, ID - 5, Url: /media/products/product_5/desktop2.jpeg", "action_flag": 1, "change_message": "[{\"added\": {}}]"}}, {"model": "admin.logentry", "pk": 30, "fields": {"action_time": "2024-10-25T09:47:17.835Z", "user": 1, "content_type": 13, "object_id": "11", "object_repr": "Product: Radio, ID - 6, Url: /media/products/product_6/radio1.jpeg", "action_flag": 1, "change_message": "[{\"added\": {}}]"}}, {"model": "admin.logentry", "pk": 31, "fields": {"action_time": "2024-10-25T09:47:40.471Z", "user": 1, "content_type": 13, "object_id": "12", "object_repr": "Product: Radio, ID - 6, Url: /media/products/product_6/radio2.jpeg", "action_flag": 1, "change_message": "[{\"added\": {}}]"}}, {"model": "admin.logentry", "pk": 32, "fields": {"action_time": "2024-10-25T09:47:58.822Z", "user": 1, "content_type": 13, "object_id": "13", "object_repr": "Product: Fridge, ID - 7, Url: /media/products/product_7/fridge1.jpeg", "action_flag": 1, "change_message": "[{\"added\": {}}]"}}, {"model": "admin.logentry", "pk": 33, "fields": {"action_time": "2024-10-25T09:48:11.881Z", "user": 1, "content_type": 13, "object_id": "14", "object_repr": "Product: Fridge, ID - 7, Url: /media/products/product_7/fridge2.jpeg", "action_flag": 1, "change_message": "[{\"added\": {}}]"}}, {"model": "admin.logentry", "pk": 34, "fields": {"action_time": "2024-10-25T09:50:07.358Z", "user": 1, "content_type": 12, "object_id": "8", "object_repr": "Product: Juicer, ID - 8", "action_flag": 1, "change_message": "[{\"added\": {}}]"}}, {"model": "admin.logentry", "pk": 35, "fields": {"action_time": "2024-10-25T09:50:52.724Z", "user": 1, "content_type": 12, "object_id": "9", "object_repr": "Product: Washing machine, ID - 9", "action_flag": 1, "change_message": "[{\"added\": {}}]"}}, {"model": "admin.logentry", "pk": 36, "fields": {"action_time": "2024-10-25T09:51:37.195Z", "user": 1, "content_type": 12, "object_id": "10", "object_repr": "Product: Iron, ID - 10", "action_flag": 1, "change_message": "[{\"added\": {}}]"}}, {"model": "admin.logentry", "pk": 37, "fields": {"action_time": "2024-10-25T09:51:52.466Z", "user": 1, "content_type": 13, "object_id": "15", "object_repr": "Product: Juicer, ID - 8, Url: /media/products/product_8/juicer1.jpeg", "action_flag": 1, "change_message": "[{\"added\": {}}]"}}, {"model": "admin.logentry", "pk": 38, "fields": {"action_time": "2024-10-25T09:52:17.580Z", "user": 1, "content_type": 13, "object_id": "16", "object_repr": "Product: Washing machine, ID - 9, Url: /media/products/product_9/washing_machine2.jpeg", "action_flag": 1, "change_message": "[{\"added\": {}}]"}}, {"model": "admin.logentry", "pk": 39, "fields": {"action_time": "2024-10-25T09:52:29.752Z", "user": 1, "content_type": 13, "object_id": "17", "object_repr": "Product: Washing machine, ID - 9, Url: /media/products/product_9/washing_machine1.jpeg", "action_flag": 1, "change_message": "[{\"added\": {}}]"}}, {"model": "admin.logentry", "pk": 40, "fields": {"action_time": "2024-10-25T09:52:40.470Z", "user": 1, "content_type": 13, "object_id": "18", "object_repr": "Product: Iron, ID - 10, Url: /media/products/product_10/iron1.jpeg", "action_flag": 1, "change_message": "[{\"added\": {}}]"}}, {"model": "admin.logentry", "pk": 41, "fields": {"action_time": "2024-10-25T09:52:51.609Z", "user": 1, "content_type": 13, "object_id": "19", "object_repr": "Product: Iron, ID - 10, Url: /media/products/product_10/iron2.jpeg", "action_flag": 1, "change_message": "[{\"added\": {}}]"}}, {"model": "admin.logentry", "pk": 42, "fields": {"action_time": "2024-10-25T10:07:22.501Z", "user": 1, "content_type": 12, "object_id": "5", "object_repr": "Product: Desktop, ID - 5", "action_flag": 2, "change_message": "[{\"changed\": {\"fields\": [\"FullDescription\"]}}]"}}, {"model": "admin.logentry", "pk": 43, "fields": {"action_time": "2024-10-25T10:08:14.113Z", "user": 1, "content_type": 12, "object_id": "5", "object_repr": "Product: Desktop, ID - 5", "action_flag": 2, "change_message": "[{\"changed\": {\"fields\": [\"Description\"]}}]"}}, {"model": "admin.logentry", "pk": 44, "fields": {"action_time": "2024-10-25T10:09:17.524Z", "user": 1, "content_type": 12, "object_id": "5", "object_repr": "Product: Desktop, ID - 5", "action_flag": 2, "change_message": "[{\"changed\": {\"fields\": [\"Description\", \"FullDescription\"]}}]"}}, {"model": "admin.logentry", "pk": 45, "fields": {"action_time": "2024-10-25T10:11:24.623Z", "user": 1, "content_type": 12, "object_id": "1", "object_repr": "Product: TV, ID - 1", "action_flag": 2, "change_message": "[{\"changed\": {\"fields\": [\"Description\", \"FullDescription\"]}}]"}}, {"model": "admin.logentry", "pk": 46, "fields": {"action_time": "2024-10-25T10:21:02.918Z", "user": 1, "content_type": 12, "object_id": "2", "object_repr": "Product: Gramophone, ID - 2", "action_flag": 2, "change_message": "[{\"changed\": {\"fields\": [\"Description\", \"FullDescription\"]}}]"}}, {"model": "admin.logentry", "pk": 47, "fields": {"action_time": "2024-10-25T10:24:05.997Z", "user": 1, "content_type": 12, "object_id": "3", "object_repr": "Product: Phone, ID - 3", "action_flag": 2, "change_message": "[{\"changed\": {\"fields\": [\"Description\", \"FullDescription\"]}}]"}}, {"model": "admin.logentry", "pk": 48, "fields": {"action_time": "2024-10-25T10:25:39.005Z", "user": 1, "content_type": 12, "object_id": "4", "object_repr": "Product: Vacuum cleaner, ID - 4", "action_flag": 2, "change_message": "[{\"changed\": {\"fields\": [\"Description\", \"FullDescription\"]}}]"}}, {"model": "admin.logentry", "pk": 49, "fields": {"action_time": "2024-10-25T10:27:50.533Z", "user": 1, "content_type": 12, "object_id": "6", "object_repr": "Product: Radio, ID - 6", "action_flag": 2, "change_message": "[{\"changed\": {\"fields\": [\"Description\", \"FullDescription\"]}}]"}}, {"model": "admin.logentry", "pk": 50, "fields": {"action_time": "2024-10-25T10:30:21.104Z", "user": 1, "content_type": 12, "object_id": "7", "object_repr": "Product: Fridge, ID - 7", "action_flag": 2, "change_message": "[{\"changed\": {\"fields\": [\"Description\", \"FullDescription\"]}}]"}}, {"model": "admin.logentry", "pk": 51, "fields": {"action_time": "2024-10-25T10:31:52.321Z", "user": 1, "content_type": 12, "object_id": "8", "object_repr": "Product: Juicer, ID - 8", "action_flag": 2, "change_message": "[{\"changed\": {\"fields\": [\"Description\", \"FullDescription\"]}}]"}}, {"model": "admin.logentry", "pk": 52, "fields": {"action_time": "2024-10-25T10:32:59.337Z", "user": 1, "content_type": 12, "object_id": "9", "object_repr": "Product: Washing machine, ID - 9", "action_flag": 2, "change_message": "[{\"changed\": {\"fields\": [\"Description\", \"FullDescription\"]}}]"}}, {"model": "admin.logentry", "pk": 53, "fields": {"action_time": "2024-10-25T10:34:52.931Z", "user": 1, "content_type": 12, "object_id": "10", "object_repr": "Product: Iron, ID - 10", "action_flag": 2, "change_message": "[{\"changed\": {\"fields\": [\"Description\", \"FullDescription\"]}}]"}}, {"model": "admin.logentry", "pk": 54, "fields": {"action_time": "2024-10-25T10:35:11.239Z", "user": 1, "content_type": 12, "object_id": "1", "object_repr": "Product: TV, ID - 1", "action_flag": 2, "change_message": "[{\"changed\": {\"fields\": [\"Description\"]}}]"}}, {"model": "admin.logentry", "pk": 55, "fields": {"action_time": "2024-10-25T10:35:21.923Z", "user": 1, "content_type": 12, "object_id": "2", "object_repr": "Product: Gramophone, ID - 2", "action_flag": 2, "change_message": "[{\"changed\": {\"fields\": [\"Description\"]}}]"}}, {"model": "admin.logentry", "pk": 56, "fields": {"action_time": "2024-10-25T10:35:30.444Z", "user": 1, "content_type": 12, "object_id": "3", "object_repr": "Product: Phone, ID - 3", "action_flag": 2, "change_message": "[{\"changed\": {\"fields\": [\"Description\"]}}]"}}, {"model": "admin.logentry", "pk": 57, "fields": {"action_time": "2024-10-25T10:35:41.254Z", "user": 1, "content_type": 12, "object_id": "4", "object_repr": "Product: Vacuum cleaner, ID - 4", "action_flag": 2, "change_message": "[{\"changed\": {\"fields\": [\"Description\"]}}]"}}, {"model": "admin.logentry", "pk": 58, "fields": {"action_time": "2024-10-25T10:35:46.355Z", "user": 1, "content_type": 12, "object_id": "1", "object_repr": "Product: TV, ID - 1", "action_flag": 2, "change_message": "[]"}}, {"model": "admin.logentry", "pk": 59, "fields": {"action_time": "2024-10-25T10:35:51.208Z", "user": 1, "content_type": 12, "object_id": "2", "object_repr": "Product: Gramophone, ID - 2", "action_flag": 2, "change_message": "[]"}}, {"model": "admin.logentry", "pk": 60, "fields": {"action_time": "2024-10-25T10:36:00.183Z", "user": 1, "content_type": 12, "object_id": "3", "object_repr": "Product: Phone, ID - 3", "action_flag": 2, "change_message": "[{\"changed\": {\"fields\": [\"FullDescription\"]}}]"}}, {"model": "admin.logentry", "pk": 61, "fields": {"action_time": "2024-10-25T10:36:06.200Z", "user": 1, "content_type": 12, "object_id": "4", "object_repr": "Product: Vacuum cleaner, ID - 4", "action_flag": 2, "change_message": "[]"}}, {"model": "admin.logentry", "pk": 62, "fields": {"action_time": "2024-10-25T10:36:18.253Z", "user": 1, "content_type": 12, "object_id": "5", "object_repr": "Product: Desktop, ID - 5", "action_flag": 2, "change_message": "[{\"changed\": {\"fields\": [\"Description\", \"FullDescription\"]}}]"}}, {"model": "admin.logentry", "pk": 63, "fields": {"action_time": "2024-10-25T10:36:26.334Z", "user": 1, "content_type": 12, "object_id": "6", "object_repr": "Product: Radio, ID - 6", "action_flag": 2, "change_message": "[{\"changed\": {\"fields\": [\"Description\"]}}]"}}, {"model": "admin.logentry", "pk": 64, "fields": {"action_time": "2024-10-25T10:36:31.940Z", "user": 1, "content_type": 12, "object_id": "7", "object_repr": "Product: Fridge, ID - 7", "action_flag": 2, "change_message": "[]"}}, {"model": "admin.logentry", "pk": 65, "fields": {"action_time": "2024-10-25T10:36:38.204Z", "user": 1, "content_type": 12, "object_id": "9", "object_repr": "Product: Washing machine, ID - 9", "action_flag": 2, "change_message": "[]"}}, {"model": "admin.logentry", "pk": 66, "fields": {"action_time": "2024-10-25T10:37:13.810Z", "user": 1, "content_type": 9, "object_id": "4", "object_repr": "Specifications: Style - 4", "action_flag": 1, "change_message": "[{\"added\": {}}]"}}, {"model": "admin.logentry", "pk": 67, "fields": {"action_time": "2024-10-25T10:50:39.988Z", "user": 1, "content_type": 16, "object_id": "1", "object_repr": "Tag: Retro", "action_flag": 1, "change_message": "[{\"added\": {}}]"}}, {"model": "admin.logentry", "pk": 68, "fields": {"action_time": "2024-10-25T10:51:09.466Z", "user": 1, "content_type": 16, "object_id": "2", "object_repr": "Tag: Future", "action_flag": 1, "change_message": "[{\"added\": {}}]"}}, {"model": "admin.logentry", "pk": 69, "fields": {"action_time": "2024-10-25T10:52:44.379Z", "user": 1, "content_type": 16, "object_id": "3", "object_repr": "Tag: Clean", "action_flag": 1, "change_message": "[{\"added\": {}}]"}}, {"model": "admin.logentry", "pk": 70, "fields": {"action_time": "2024-10-25T10:58:39.001Z", "user": 1, "content_type": 15, "object_id": "1", "object_repr": "product Product: Desktop, ID - 5", "action_flag": 1, "change_message": "[{\"added\": {}}]"}}, {"model": "admin.logentry", "pk": 71, "fields": {"action_time": "2024-10-25T10:59:10.688Z", "user": 1, "content_type": 15, "object_id": "2", "object_repr": "product Product: Fridge, ID - 7", "action_flag": 1, "change_message": "[{\"added\": {}}]"}}, {"model": "admin.logentry", "pk": 72, "fields": {"action_time": "2024-10-25T10:59:40.906Z", "user": 1, "content_type": 15, "object_id": "3", "object_repr": "product Product: Phone, ID - 3", "action_flag": 1, "change_message": "[{\"added\": {}}]"}}, {"model": "auth.permission", "pk": 1, "fields": {"name": "Can add log entry", "content_type": 1, "codename": "add_logentry"}}, {"model": "auth.permission", "pk": 2, "fields": {"name": "Can change log entry", "content_type": 1, "codename": "change_logentry"}}, {"model": "auth.permission", "pk": 3, "fields": {"name": "Can delete log entry", "content_type": 1, "codename": "delete_logentry"}}, {"model": "auth.permission", "pk": 4, "fields": {"name": "Can view log entry", "content_type": 1, "codename": "view_logentry"}}, {"model": "auth.permission", "pk": 5, "fields": {"name": "Can add permission", "content_type": 2, "codename": "add_permission"}}, {"model": "auth.permission", "pk": 6, "fields": {"name": "Can change permission", "content_type": 2, "codename": "change_permission"}}, {"model": "auth.permission", "pk": 7, "fields": {"name": "Can delete permission", "content_type": 2, "codename": "delete_permission"}}, {"model": "auth.permission", "pk": 8, "fields": {"name": "Can view permission", "content_type": 2, "codename": "view_permission"}}, {"model": "auth.permission", "pk": 9, "fields": {"name": "Can add group", "content_type": 3, "codename": "add_group"}}, {"model": "auth.permission", "pk": 10, "fields": {"name": "Can change group", "content_type": 3, "codename": "change_group"}}, {"model": "auth.permission", "pk": 11, "fields": {"name": "Can delete group", "content_type": 3, "codename": "delete_group"}}, {"model": "auth.permission", "pk": 12, "fields": {"name": "Can view group", "content_type": 3, "codename": "view_group"}}, {"model": "auth.permission", "pk": 13, "fields": {"name": "Can add user", "content_type": 4, "codename": "add_user"}}, {"model": "auth.permission", "pk": 14, "fields": {"name": "Can change user", "content_type": 4, "codename": "change_user"}}, {"model": "auth.permission", "pk": 15, "fields": {"name": "Can delete user", "content_type": 4, "codename": "delete_user"}}, {"model": "auth.permission", "pk": 16, "fields": {"name": "Can view user", "content_type": 4, "codename": "view_user"}}, {"model": "auth.permission", "pk": 17, "fields": {"name": "Can add content type", "content_type": 5, "codename": "add_contenttype"}}, {"model": "auth.permission", "pk": 18, "fields": {"name": "Can change content type", "content_type": 5, "codename": "change_contenttype"}}, {"model": "auth.permission", "pk": 19, "fields": {"name": "Can delete content type", "content_type": 5, "codename": "delete_contenttype"}}, {"model": "auth.permission", "pk": 20, "fields": {"name": "Can view content type", "content_type": 5, "codename": "view_contenttype"}}, {"model": "auth.permission", "pk": 21, "fields": {"name": "Can add session", "content_type": 6, "codename": "add_session"}}, {"model": "auth.permission", "pk": 22, "fields": {"name": "Can change session", "content_type": 6, "codename": "change_session"}}, {"model": "auth.permission", "pk": 23, "fields": {"name": "Can delete session", "content_type": 6, "codename": "delete_session"}}, {"model": "auth.permission", "pk": 24, "fields": {"name": "Can view session", "content_type": 6, "codename": "view_session"}}, {"model": "auth.permission", "pk": 25, "fields": {"name": "Can add profile", "content_type": 7, "codename": "add_profile"}}, {"model": "auth.permission", "pk": 26, "fields": {"name": "Can change profile", "content_type": 7, "codename": "change_profile"}}, {"model": "auth.permission", "pk": 27, "fields": {"name": "Can delete profile", "content_type": 7, "codename": "delete_profile"}}, {"model": "auth.permission", "pk": 28, "fields": {"name": "Can view profile", "content_type": 7, "codename": "view_profile"}}, {"model": "auth.permission", "pk": 29, "fields": {"name": "Can add avatar", "content_type": 8, "codename": "add_avatar"}}, {"model": "auth.permission", "pk": 30, "fields": {"name": "Can change avatar", "content_type": 8, "codename": "change_avatar"}}, {"model": "auth.permission", "pk": 31, "fields": {"name": "Can delete avatar", "content_type": 8, "codename": "delete_avatar"}}, {"model": "auth.permission", "pk": 32, "fields": {"name": "Can view avatar", "content_type": 8, "codename": "view_avatar"}}, {"model": "auth.permission", "pk": 33, "fields": {"name": "Can add Specification", "content_type": 9, "codename": "add_specifications"}}, {"model": "auth.permission", "pk": 34, "fields": {"name": "Can change Specification", "content_type": 9, "codename": "change_specifications"}}, {"model": "auth.permission", "pk": 35, "fields": {"name": "Can delete Specification", "content_type": 9, "codename": "delete_specifications"}}, {"model": "auth.permission", "pk": 36, "fields": {"name": "Can view Specification", "content_type": 9, "codename": "view_specifications"}}, {"model": "auth.permission", "pk": 37, "fields": {"name": "Can add Category", "content_type": 10, "codename": "add_category"}}, {"model": "auth.permission", "pk": 38, "fields": {"name": "Can change Category", "content_type": 10, "codename": "change_category"}}, {"model": "auth.permission", "pk": 39, "fields": {"name": "Can delete Category", "content_type": 10, "codename": "delete_category"}}, {"model": "auth.permission", "pk": 40, "fields": {"name": "Can view Category", "content_type": 10, "codename": "view_category"}}, {"model": "auth.permission", "pk": 41, "fields": {"name": "Can add Category image", "content_type": 11, "codename": "add_categoryimage"}}, {"model": "auth.permission", "pk": 42, "fields": {"name": "Can change Category image", "content_type": 11, "codename": "change_categoryimage"}}, {"model": "auth.permission", "pk": 43, "fields": {"name": "Can delete Category image", "content_type": 11, "codename": "delete_categoryimage"}}, {"model": "auth.permission", "pk": 44, "fields": {"name": "Can view Category image", "content_type": 11, "codename": "view_categoryimage"}}, {"model": "auth.permission", "pk": 45, "fields": {"name": "Can add Product", "content_type": 12, "codename": "add_product"}}, {"model": "auth.permission", "pk": 46, "fields": {"name": "Can change Product", "content_type": 12, "codename": "change_product"}}, {"model": "auth.permission", "pk": 47, "fields": {"name": "Can delete Product", "content_type": 12, "codename": "delete_product"}}, {"model": "auth.permission", "pk": 48, "fields": {"name": "Can view Product", "content_type": 12, "codename": "view_product"}}, {"model": "auth.permission", "pk": 49, "fields": {"name": "Can add Product image", "content_type": 13, "codename": "add_productimage"}}, {"model": "auth.permission", "pk": 50, "fields": {"name": "Can change Product image", "content_type": 13, "codename": "change_productimage"}}, {"model": "auth.permission", "pk": 51, "fields": {"name": "Can delete Product image", "content_type": 13, "codename": "delete_productimage"}}, {"model": "auth.permission", "pk": 52, "fields": {"name": "Can view Product image", "content_type": 13, "codename": "view_productimage"}}, {"model": "auth.permission", "pk": 53, "fields": {"name": "Can add Review", "content_type": 14, "codename": "add_review"}}, {"model": "auth.permission", "pk": 54, "fields": {"name": "Can change Review", "content_type": 14, "codename": "change_review"}}, {"model": "auth.permission", "pk": 55, "fields": {"name": "Can delete Review", "content_type": 14, "codename": "delete_review"}}, {"model": "auth.permission", "pk": 56, "fields": {"name": "Can view Review", "content_type": 14, "codename": "view_review"}}, {"model": "auth.permission", "pk": 57, "fields": {"name": "Can add Sales Product", "content_type": 15, "codename": "add_salesproduct"}}, {"model": "auth.permission", "pk": 58, "fields": {"name": "Can change Sales Product", "content_type": 15, "codename": "change_salesproduct"}}, {"model": "auth.permission", "pk": 59, "fields": {"name": "Can delete Sales Product", "content_type": 15, "codename": "delete_salesproduct"}}, {"model": "auth.permission", "pk": 60, "fields": {"name": "Can view Sales Product", "content_type": 15, "codename": "view_salesproduct"}}, {"model": "auth.permission", "pk": 61, "fields": {"name": "Can add Tag", "content_type": 16, "codename": "add_tag"}}, {"model": "auth.permission", "pk": 62, "fields": {"name": "Can change Tag", "content_type": 16, "codename": "change_tag"}}, {"model": "auth.permission", "pk": 63, "fields": {"name": "Can delete Tag", "content_type": 16, "codename": "delete_tag"}}, {"model": "auth.permission", "pk": 64, "fields": {"name": "Can view Tag", "content_type": 16, "codename": "view_tag"}}, {"model": "auth.permission", "pk": 65, "fields": {"name": "Can add Order", "content_type": 17, "codename": "add_order"}}, {"model": "auth.permission", "pk": 66, "fields": {"name": "Can change Order", "content_type": 17, "codename": "change_order"}}, {"model": "auth.permission", "pk": 67, "fields": {"name": "Can delete Order", "content_type": 17, "codename": "delete_order"}}, {"model": "auth.permission", "pk": 68, "fields": {"name": "Can view Order", "content_type": 17, "codename": "view_order"}}, {"model": "auth.permission", "pk": 69, "fields": {"name": "Can add Basket", "content_type": 18, "codename": "add_basket"}}, {"model": "auth.permission", "pk": 70, "fields": {"name": "Can change Basket", "content_type": 18, "codename": "change_basket"}}, {"model": "auth.permission", "pk": 71, "fields": {"name": "Can delete Basket", "content_type": 18, "codename": "delete_basket"}}, {"model": "auth.permission", "pk": 72, "fields": {"name": "Can view Basket", "content_type": 18, "codename": "view_basket"}}, {"model": "auth.permission", "pk": 73, "fields": {"name": "Can add Basket Item", "content_type": 19, "codename": "add_basketitems"}}, {"model": "auth.permission", "pk": 74, "fields": {"name": "Can change Basket Item", "content_type": 19, "codename": "change_basketitems"}}, {"model": "auth.permission", "pk": 75, "fields": {"name": "Can delete Basket Item", "content_type": 19, "codename": "delete_basketitems"}}, {"model": "auth.permission", "pk": 76, "fields": {"name": "Can view Basket Item", "content_type": 19, "codename": "view_basketitems"}}, {"model": "auth.user", "pk": 1, "fields": {"password": "pbkdf2_sha256$870000$Srjn5BhicW67wlviREZWSU$oS6rbInU5IkCzplX02jV35vB1fGrYyTlALnvBB9p0VQ=", "last_login": "2024-10-25T10:50:16.559Z", "is_superuser": true, "username": "admin", "first_name": "", "last_name": "", "email": "", "is_staff": true, "is_active": true, "date_joined": "2024-10-25T09:29:23.848Z", "groups": [], "user_permissions": []}}, {"model": "auth.user", "pk": 2, "fields": {"password": "pbkdf2_sha256$870000$pgyy9jAUpyE9taaz0qjqbr$Zeg0s1MmedmQNdqo7xPqTWV8ZK4lX8Ny/z8icx7hN2o=", "last_login": "2024-10-25T11:08:42.596Z", "is_superuser": false, "username": "david", "first_name": "David", "last_name": "", "email": "", "is_staff": false, "is_active": true, "date_joined": "2024-10-25T09:30:22.114Z", "groups": [], "user_permissions": []}}, {"model": "auth.user", "pk": 3, "fields": {"password": "pbkdf2_sha256$870000$ODKN87koPLoue8Q9oUCRiH$x9ab+lrw4OFu5vaxnDM01PxzsEbTxeyJasV9upXxtiE=", "last_login": "2024-10-25T10:46:39.272Z", "is_superuser": false, "username": "test_1", "first_name": "Test 1", "last_name": "", "email": "", "is_staff": false, "is_active": true, "date_joined": "2024-10-25T09:58:54.183Z", "groups": [], "user_permissions": []}}, {"model": "auth.user", "pk": 4, "fields": {"password": "pbkdf2_sha256$870000$hK0j3qRk9jDzdEcHDWxb4Y$a3KKMTJVQMEFB4uJahCKATpT2zFbps0Sv6Eh82zSDLg=", "last_login": "2024-10-25T10:00:29.940Z", "is_superuser": false, "username": "test_2", "first_name": "Test 2", "last_name": "", "email": "", "is_staff": false, "is_active": true, "date_joined": "2024-10-25T10:00:28.875Z", "groups": [], "user_permissions": []}}, {"model": "contenttypes.contenttype", "pk": 1, "fields": {"app_label": "admin", "model": "logentry"}}, {"model": "contenttypes.contenttype", "pk": 2, "fields": {"app_label": "auth", "model": "permission"}}, {"model": "contenttypes.contenttype", "pk": 3, "fields": {"app_label": "auth", "model": "group"}}, {"model": "contenttypes.contenttype", "pk": 4, "fields": {"app_label": "auth", "model": "user"}}, {"model": "contenttypes.contenttype", "pk": 5, "fields": {"app_label": "contenttypes", "model": "contenttype"}}, {"model": "contenttypes.contenttype", "pk": 6, "fields": {"app_label": "sessions", "model": "session"}}, {"model": "contenttypes.contenttype", "pk": 7, "fields": {"app_label": "myauth", "model": "profile"}}, {"model": "contenttypes.contenttype", "pk": 8, "fields": {"app_label": "myauth", "model": "avatar"}}, {"model": "contenttypes.contenttype", "pk": 9, "fields": {"app_label": "product", "model": "specifications"}}, {"model": "contenttypes.contenttype", "pk": 10, "fields": {"app_label": "product", "model": "category"}}, {"model": "contenttypes.contenttype", "pk": 11, "fields": {"app_label": "product", "model": "categoryimage"}}, {"model": "contenttypes.contenttype", "pk": 12, "fields": {"app_label": "product", "model": "product"}}, {"model": "contenttypes.contenttype", "pk": 13, "fields": {"app_label": "product", "model": "productimage"}}, {"model": "contenttypes.contenttype", "pk": 14, "fields": {"app_label": "product", "model": "review"}}, {"model": "contenttypes.contenttype", "pk": 15, "fields": {"app_label": "product", "model": "salesproduct"}}, {"model": "contenttypes.contenttype", "pk": 16, "fields": {"app_label": "product", "model": "tag"}}, {"model": "contenttypes.contenttype", "pk": 17, "fields": {"app_label": "order", "model": "order"}}, {"model": "contenttypes.contenttype", "pk": 18, "fields": {"app_label": "basket", "model": "basket"}}, {"model": "contenttypes.contenttype", "pk": 19, "fields": {"app_label": "basket", "model": "basketitems"}}, {"model": "sessions.session", "pk": "2zzvyiiod2ifn2yo82bzvvn95bdcx23v", "fields": {"session_data": ".eJxVjEEOwiAQRe_C2pApEGhduvcMZIYZpGogKe3KeHdt0oVu_3vvv1TEbS1x67LEmdVZWXX63QjTQ-oO-I711nRqdV1m0ruiD9r1tbE8L4f7d1Cwl28NgbznyZAIUHbBMEmiwC447xJRJj8Ag0VCBBnGIJgB0IIBhNFP6v0BDIc4mQ:1t4Hq3:qOqG1y0OIAnPAA0RgMbzuTUipuZhPJWRamDU41sPzcU", "expire_date": "2024-11-08T10:46:39.280Z"}}, {"model": "sessions.session", "pk": "q6rjghotpx4eyv42ev0ikg1ic3mfp59q", "fields": {"session_data": ".eJxVjMsOwiAQRf-FtSE8B3Dp3m8gAwNSNTQp7cr479qkC93ec859sYjb2uI2yhInYmem2Ol3S5gfpe-A7thvM89zX5cp8V3hBx38OlN5Xg7376DhaN-6GKsDkAzZlQA5CQhE4DE4k7T3ACi1IWVsrsKil1WD0zUL4yEFVI69P9B0NzM:1t4IBO:cfH96xaI5wzGIoAS9DqOgRZpS-htkQ0LerkCJI6asJo", "expire_date": "2024-11-08T11:08:42.603Z"}}, {"model": "myauth.profile", "pk": 1, "fields": {"user": 1, "fullName": "Admin", "email": "admin@mail.ru", "phone": "12345678901"}}, {"model": "myauth.profile", "pk": 2, "fields": {"user": 2, "fullName": "David", "email": "david.test@test.com", "phone": "12345678902"}}, {"model": "myauth.profile", "pk": 3, "fields": {"user": 3, "fullName": "Test 1", "email": "test_1@test.com", "phone": "12345678903"}}, {"model": "myauth.profile", "pk": 4, "fields": {"user": 4, "fullName": "Test 2", "email": "test_2@test.com", "phone": "12345678904"}}, {"model": "myauth.avatar", "pk": 3, "fields": {"profile": 1, "src": "users/user_1/avatars/ava5.jpg", "alt": "photo"}}, {"model": "myauth.avatar", "pk": 4, "fields": {"profile": 2, "src": "users/user_2/avatars/ava2.jpg", "alt": "photo"}}, {"model": "myauth.avatar", "pk": 6, "fields": {"profile": 3, "src": "users/user_3/avatars/ava1.jpg", "alt": "photo"}}, {"model": "myauth.avatar", "pk": 8, "fields": {"profile": 4, "src": "users/user_4/avatars/ava3.jpg", "alt": "photo"}}, {"model": "product.category", "pk": 1, "fields": {"title": "TV", "parent": null}}, {"model": "product.category", "pk": 2, "fields": {"title": "Music", "parent": null}}, {"model": "product.category", "pk": 3, "fields": {"title": "Phone", "parent": null}}, {"model": "product.category", "pk": 4, "fields": {"title": "Other", "parent": null}}, {"model": "product.categoryimage", "pk": 1, "fields": {"category": 1, "src": "category/category_1/cat_tv.jpeg", "alt": "im"}}, {"model": "product.categoryimage", "pk": 2, "fields": {"category": 2, "src": "category/category_2/cat_music.jpeg", "alt": "im"}}, {"model": "product.categoryimage", "pk": 3, "fields": {"category": 3, "src": "category/category_3/cat_phone.jpeg", "alt": "im"}}, {"model": "product.categoryimage", "pk": 4, "fields": {"category": 4, "src": "category/category_4/cat_other.jpeg", "alt": "im"}}, {"model": "product.specifications", "pk": 1, "fields": {"name": "size", "value": "1"}}, {"model": "product.specifications", "pk": 2, "fields": {"name": "value", "value": "2"}}, {"model": "product.specifications", "pk": 3, "fields": {"name": "height", "value": "3"}}, {"model": "product.specifications", "pk": 4, "fields": {"name": "Style", "value": "4"}}, {"model": "product.product", "pk": 1, "fields": {"category": 1, "price": "2000.00", "amount": 99, "ordered_amount": 0, "date": "2024-10-25T09:38:08.970Z", "title": "TV", "description": "TV with a 55-inch screen diagonal and 4K Ultra HD resolution!", "fullDescription": "TV will provide you with an incredibly clear and realistic image that will immerse you in the world of your favorite movies, TV series and games. Thanks to HDR technology, the colors on the screen will be bright and saturated, and the contrast will be high. You can enjoy high-quality sound thanks to the built-in speakers with Dolby Digital Plus technology. The TV is equipped with smart Smart TV functionality, which will allow you to watch your favorite movies and TV shows in streaming mode, as well as use various applications and services. In addition, thanks to the Screen Mirroring feature, you can easily display the contents of your smartphone or tablet on a large TV screen.", "freeDelivery": false, "reviews_count": 2, "rating": "4.5", "limited": false, "is_available": true, "is_archived": false, "specifications": 1}}, {"model": "product.product", "pk": 2, "fields": {"category": 2, "price": "570.00", "amount": 29, "ordered_amount": 0, "date": "2024-10-25T09:38:44.671Z", "title": "Gramophone", "description": "Gramophone will be a great gift for connoisseurs of high-quality sound and stylish design!", "fullDescription": "This stylish and elegant device will allow you to enjoy the high-quality sound of vinyl records. The gramophone has a durable housing made of high-quality material, which provides reliable protection from damage. Due to its compactness, it fits easily in any room and does not take up much space. In addition, the gramophone is equipped with powerful speakers that provide a clear and deep sound. You can enjoy your favorite music anytime and anywhere. This gramophone will be a great gift for connoisseurs of high-quality sound and stylish design. Don't miss the opportunity to purchase this unique device and add a little retro charm to your home!", "freeDelivery": false, "reviews_count": 2, "rating": "5.0", "limited": false, "is_available": true, "is_archived": false, "specifications": 2}}, {"model": "product.product", "pk": 3, "fields": {"category": 3, "price": "1800.00", "amount": 250, "ordered_amount": 0, "date": "2024-10-25T09:39:20.074Z", "title": "Phone", "description": "Disk phone is a unique device that combines simplicity and reliability!", "fullDescription": "The disk phone is a unique device that combines simplicity and reliability. It is perfect for those who appreciate functionality and ease of use. Due to its compactness and lightness, the disk phone fits easily in a pocket or bag, making it an ideal companion in everyday life. A disk phone is not only a stylish accessory, but also a functional assistant in everyday affairs.\r\nTake a step towards updating your technique!", "freeDelivery": true, "reviews_count": 2, "rating": "4.5", "limited": false, "is_available": true, "is_archived": false, "specifications": 3}}, {"model": "product.product", "pk": 4, "fields": {"category": 4, "price": "700.00", "amount": 50, "ordered_amount": 0, "date": "2024-10-25T09:40:13.573Z", "title": "Vacuum cleaner", "description": "There is no need to spend more money on expensive cleaning products!", "fullDescription": "Stop wasting time and effort on manual cleaning! We present you a new vacuum cleaner that will make your life much easier and more convenient. Thanks to its powerful engine and innovative filtration system, it easily copes with any contamination on any surface. There is no need to spend more money on expensive cleaning products - our vacuum cleaner will cope with this task better and faster. Compact and lightweight, it easily maneuvers around furniture and is suitable for cleaning even in the most inaccessible places. Forget about dust and allergies thanks to our vacuum cleaner, which effectively removes the smallest particles. Do not miss the opportunity to purchase this indispensable assistant at a bargain price. Order now and enjoy the cleanliness and comfort in your home!", "freeDelivery": false, "reviews_count": 3, "rating": "4.0", "limited": false, "is_available": true, "is_archived": false, "specifications": 1}}, {"model": "product.product", "pk": 5, "fields": {"category": 1, "price": "3500.00", "amount": 40, "ordered_amount": 0, "date": "2024-10-25T09:44:44.566Z", "title": "Desktop", "description": "A universal device designed to process information and perform various tasks!", "fullDescription": "A computer is a universal device designed to process information and perform various tasks.\r\nA computer is not only a useful device, but also an integral part of our lives. He helps us in work, education, entertainment and many other areas. Therefore, choosing the right computer is the key to comfortable and effective use of its capabilities\r\nWhen choosing a computer, you need to take into account your needs and the tasks that it will perform. It is also important to pay attention to the characteristics and configuration of the device so that it meets the requirements and expectations.", "freeDelivery": false, "reviews_count": 2, "rating": "4.5", "limited": false, "is_available": true, "is_archived": false, "specifications": 2}}, {"model": "product.product", "pk": 6, "fields": {"category": 2, "price": "1100.00", "amount": 18, "ordered_amount": 0, "date": "2024-10-25T09:45:36.692Z", "title": "Radio", "description": "This exclusive piece of furniture will become a real decoration of your home!", "fullDescription": "Dear antique lovers and connoisseurs of real sound! We present to your attention an old radio, which is not only a unique collectible, but also able to bring the atmosphere of the good old era into your home.\r\nThis radio was created back in the distant last century, when music and news were transmitted exclusively on the airwaves. It preserves the history and spirit of the time when radio was the only source of information and entertainment for many people.\r\nThis exclusive piece of furniture will become a real decoration of your home and bring a unique charm and comfort to it. Be sure that the antique radio will attract the admiring glances of the guests and will become the pride of your collection.", "freeDelivery": true, "reviews_count": 2, "rating": "5.0", "limited": true, "is_available": true, "is_archived": false, "specifications": 3}}, {"model": "product.product", "pk": 7, "fields": {"category": 4, "price": "3000.00", "amount": 40, "ordered_amount": 0, "date": "2024-10-25T09:46:32.910Z", "title": "Fridge", "description": "A retro-style refrigerator is not only a functional, but also a stylish solution for your kitchen!", "fullDescription": "A retro-style refrigerator is not only a functional, but also a stylish solution for your kitchen! It will bring a touch of nostalgia and comfort to your interior, and will also become an indispensable assistant in storing food.\r\nOur retro-style refrigerator has all modern technologies to ensure maximum freshness and safety of your products. Thanks to the energy-saving compressor, it consumes a minimum amount of energy, which will allow you to save on electricity bills.\r\nIn addition, our refrigerator has a spacious internal volume that will allow you to store all the necessary food and drinks. And thanks to the convenient system of organizing shelves and compartments, you can easily find the right product at any time.", "freeDelivery": false, "reviews_count": 2, "rating": "4.5", "limited": false, "is_available": true, "is_archived": false, "specifications": 1}}, {"model": "product.product", "pk": 8, "fields": {"category": 4, "price": "250.00", "amount": 35, "ordered_amount": 0, "date": "2024-10-25T09:50:07.357Z", "title": "Juicer", "description": "Stop wasting time and effort on manual juicing!", "fullDescription": "Stop wasting time and effort on manual juicing! The juicer is an ideal solution for those who value their time and health. Thanks to its power and efficiency, you can get fresh and healthy juice at any time of the day. You no longer need to buy ready-made juices in the store, which often contain preservatives and additives. With a juicer, you control the quality and composition of your drink yourself. In addition, it is easy to clean and takes up a minimum of space in the kitchen. Get a juicer and enjoy fresh and delicious juices every day", "freeDelivery": false, "reviews_count": 2, "rating": "5.0", "limited": false, "is_available": true, "is_archived": false, "specifications": 2}}, {"model": "product.product", "pk": 9, "fields": {"category": 4, "price": "890.00", "amount": 50, "ordered_amount": 0, "date": "2024-10-25T09:50:52.723Z", "title": "Washing machine", "description": "Washing machine is the perfect choice for you!", "fullDescription": "Do you want to save time and effort on washing? Then our washing machine is the perfect choice for you! With its help, you can easily and quickly wash any dirt without spending a lot of time and effort on it. Thanks to modern technologies and functions, our machine provides an ideal washing result, while maintaining the color and quality of fabrics. In addition, it is very economical to use - you can save on water and electricity consumption. Do not miss the opportunity to purchase a high-quality and reliable washing machine at a bargain price. Order it right now and enjoy the cleanliness and comfort in your home!", "freeDelivery": false, "reviews_count": 2, "rating": "5.0", "limited": false, "is_available": true, "is_archived": false, "specifications": 3}}, {"model": "product.product", "pk": 10, "fields": {"category": 4, "price": "320.00", "amount": 34, "ordered_amount": 0, "date": "2024-10-25T09:51:37.193Z", "title": "Iron", "description": "Enjoy a flawless ironing result every day!", "fullDescription": "Do you want to go back to the days of the good old classics and at the same time have a modern and convenient ironing tool? Then our retro style iron is the perfect choice for you! It combines the elegant design of the past years with advanced technology, providing perfectly smooth and neat folds on your clothes. Thanks to the comfortable handle and light weight, ironing will be a pleasant and easy task. Our retro style iron is not only a functional item, but also a stylish accessory for your kitchen. Treat yourself and your loved ones with a unique iron that will bring a touch of nostalgia and comfort to your home. Order it right now and enjoy the perfect ironing result every day!", "freeDelivery": true, "reviews_count": 2, "rating": "5.0", "limited": true, "is_available": true, "is_archived": false, "specifications": 1}}, {"model": "product.productimage", "pk": 1, "fields": {"product": 1, "src": "products/product_1/tv1.jpeg", "alt": "im"}}, {"model": "product.productimage", "pk": 2, "fields": {"product": 1, "src": "products/product_1/tv2.jpeg", "alt": "im"}}, {"model": "product.productimage", "pk": 3, "fields": {"product": 2, "src": "products/product_2/gramophone1.jpeg", "alt": "im"}}, {"model": "product.productimage", "pk": 4, "fields": {"product": 2, "src": "products/product_2/gramophone2.jpeg", "alt": "im"}}, {"model": "product.productimage", "pk": 5, "fields": {"product": 3, "src": "products/product_3/phone1.jpeg", "alt": "im"}}, {"model": "product.productimage", "pk": 6, "fields": {"product": 3, "src": "products/product_3/phone2.jpeg", "alt": "im"}}, {"model": "product.productimage", "pk": 7, "fields": {"product": 4, "src": "products/product_4/vacuum_cleaner1.jpeg", "alt": "im"}}, {"model": "product.productimage", "pk": 8, "fields": {"product": 4, "src": "products/product_4/vacuum_cleaner2.jpeg", "alt": "im"}}, {"model": "product.productimage", "pk": 9, "fields": {"product": 5, "src": "products/product_5/desktop1.jpeg", "alt": "im"}}, {"model": "product.productimage", "pk": 10, "fields": {"product": 5, "src": "products/product_5/desktop2.jpeg", "alt": "im"}}, {"model": "product.productimage", "pk": 11, "fields": {"product": 6, "src": "products/product_6/radio1.jpeg", "alt": "im"}}, {"model": "product.productimage", "pk": 12, "fields": {"product": 6, "src": "products/product_6/radio2.jpeg", "alt": "im"}}, {"model": "product.productimage", "pk": 13, "fields": {"product": 7, "src": "products/product_7/fridge1.jpeg", "alt": "im"}}, {"model": "product.productimage", "pk": 14, "fields": {"product": 7, "src": "products/product_7/fridge2.jpeg", "alt": "im"}}, {"model": "product.productimage", "pk": 15, "fields": {"product": 8, "src": "products/product_8/juicer1.jpeg", "alt": "im"}}, {"model": "product.productimage", "pk": 16, "fields": {"product": 9, "src": "products/product_9/washing_machine2.jpeg", "alt": "im"}}, {"model": "product.productimage", "pk": 17, "fields": {"product": 9, "src": "products/product_9/washing_machine1.jpeg", "alt": "im"}}, {"model": "product.productimage", "pk": 18, "fields": {"product": 10, "src": "products/product_10/iron1.jpeg", "alt": "im"}}, {"model": "product.productimage", "pk": 19, "fields": {"product": 10, "src": "products/product_10/iron2.jpeg", "alt": "im"}}, {"model": "product.tag", "pk": 1, "fields": {"name": "Retro", "product": [2, 6, 10]}}, {"model": "product.tag", "pk": 2, "fields": {"name": "Future", "product": [4, 5]}}, {"model": "product.tag", "pk": 3, "fields": {"name": "Clean", "product": [4, 9]}}, {"model": "product.review", "pk": 1, "fields": {"author": 1, "text": "Test review 1\n\"Some text ...\"", "email": "admin@mail.ru", "rate": "5.0", "date": "2024-10-25T10:38:20.508Z", "product": 10}}, {"model": "product.review", "pk": 2, "fields": {"author": 1, "text": "Test review 1\n\"Some text ...\"", "email": "admin@mail.ru", "rate": "4.0", "date": "2024-10-25T10:40:34.239Z", "product": 1}}, {"model": "product.review", "pk": 3, "fields": {"author": 1, "text": "Test review 1\n\"Some text ...\"", "email": "admin@mail.ru", "rate": "5.0", "date": "2024-10-25T10:40:51.590Z", "product": 2}}, {"model": "product.review", "pk": 4, "fields": {"author": 1, "text": "Test review 1\n\"Some text ...\"", "email": "admin@mail.ru", "rate": "4.0", "date": "2024-10-25T10:41:06.353Z", "product": 3}}, {"model": "product.review", "pk": 5, "fields": {"author": 1, "text": "Test review 1\n\"Some text ...\"", "email": "admin@mail.ru", "rate": "5.0", "date": "2024-10-25T10:41:22.035Z", "product": 4}}, {"model": "product.review", "pk": 6, "fields": {"author": 1, "text": "Test review 1\n\"Some text ...\"", "email": "admin@mail.ru", "rate": "4.0", "date": "2024-10-25T10:41:37.740Z", "product": 5}}, {"model": "product.review", "pk": 7, "fields": {"author": 1, "text": "Test review 1\n\"Some text ...\"", "email": "admin@mail.ru", "rate": "5.0", "date": "2024-10-25T10:41:55.597Z", "product": 6}}, {"model": "product.review", "pk": 8, "fields": {"author": 1, "text": "Test review 1\n\"Some text ...\"", "email": "admin@mail.ru", "rate": "4.0", "date": "2024-10-25T10:42:12.295Z", "product": 7}}, {"model": "product.review", "pk": 9, "fields": {"author": 1, "text": "Test review 1\n\"Some text ...\"", "email": "admin@mail.ru", "rate": "5.0", "date": "2024-10-25T10:42:30.740Z", "product": 8}}, {"model": "product.review", "pk": 10, "fields": {"author": 1, "text": "Test review 1\n\"Some text ...\"", "email": "admin@mail.ru", "rate": "5.0", "date": "2024-10-25T10:42:48.867Z", "product": 9}}, {"model": "product.review", "pk": 11, "fields": {"author": 2, "text": "Test review 2\n\"Another text\"", "email": "david.test@test.com", "rate": "5.0", "date": "2024-10-25T10:44:01.739Z", "product": 1}}, {"model": "product.review", "pk": 12, "fields": {"author": 2, "text": "Test review 2\n\"Another text\"", "email": "david.test@test.com", "rate": "5.0", "date": "2024-10-25T10:44:12.965Z", "product": 2}}, {"model": "product.review", "pk": 13, "fields": {"author": 2, "text": "Test review 2\n\"Another text\"", "email": "david.test@test.com", "rate": "5.0", "date": "2024-10-25T10:44:24.200Z", "product": 3}}, {"model": "product.review", "pk": 14, "fields": {"author": 2, "text": "Test review 2\n\"Another text\"", "email": "david.test@test.com", "rate": "5.0", "date": "2024-10-25T10:44:45.861Z", "product": 4}}, {"model": "product.review", "pk": 15, "fields": {"author": 2, "text": "Test review 2\n\"Another text\"", "email": "david.test@test.com", "rate": "5.0", "date": "2024-10-25T10:44:59.263Z", "product": 5}}, {"model": "product.review", "pk": 16, "fields": {"author": 2, "text": "Test review 2\n\"Another text\"", "email": "david.test@test.com", "rate": "5.0", "date": "2024-10-25T10:45:10.484Z", "product": 6}}, {"model": "product.review", "pk": 17, "fields": {"author": 2, "text": "Test review 2\n\"Another text\"", "email": "david.test@test.com", "rate": "5.0", "date": "2024-10-25T10:45:33.945Z", "product": 7}}, {"model": "product.review", "pk": 18, "fields": {"author": 2, "text": "Test review 2\n\"Another text\"", "email": "david.test@test.com", "rate": "5.0", "date": "2024-10-25T10:45:44.542Z", "product": 8}}, {"model": "product.review", "pk": 19, "fields": {"author": 2, "text": "Test review 2\n\"Another text\"", "email": "david.test@test.com", "rate": "5.0", "date": "2024-10-25T10:45:58.141Z", "product": 9}}, {"model": "product.review", "pk": 20, "fields": {"author": 2, "text": "Test review 2\n\"Another text\"", "email": "david.test@test.com", "rate": "5.0", "date": "2024-10-25T10:46:09.099Z", "product": 10}}, {"model": "product.review", "pk": 21, "fields": {"author": 3, "text": "Test review 3\n\"And one another text\"", "email": "test_1@test.com", "rate": "2.0", "date": "2024-10-25T10:46:58.229Z", "product": 4}}, {"model": "product.salesproduct", "pk": 1, "fields": {"salePrice": "3200.00", "dateFrom": "2024-10-25T10:58:28Z", "dateTo": "2024-11-25T10:58:30Z", "product": 5, "is_expires": false}}, {"model": "product.salesproduct", "pk": 2, "fields": {"salePrice": "2500.00", "dateFrom": "2024-10-25T10:59:05Z", "dateTo": "2024-11-25T10:59:07Z", "product": 7, "is_expires": false}}, {"model": "product.salesproduct", "pk": 3, "fields": {"salePrice": "1500.00", "dateFrom": "2024-10-25T10:59:35Z", "dateTo": "2024-11-25T10:59:37Z", "product": 3, "is_expires": false}}, {"model": "order.order", "pk": 1, "fields": {"createdAt": "2024-10-25T11:01:42.211Z", "user": 1, "deliveryType": "express", "paymentType": "online", "totalCost": "7200.00", "status": "paid", "city": "Test City ", "address": "Test Address", "products": [3, 5, 7]}}, {"model": "order.order", "pk": 2, "fields": {"createdAt": "2024-10-25T11:06:13.096Z", "user": 1, "deliveryType": "ordinary", "paymentType": "someone", "totalCost": "2770.00", "status": "paid", "city": "Moscow", "address": "Moscow address", "products": [2, 6]}}, {"model": "order.order", "pk": 3, "fields": {"createdAt": "2024-10-25T11:09:04.348Z", "user": 2, "deliveryType": "ordinary", "paymentType": "online", "totalCost": "2320.00", "status": "paid", "city": "Test City ", "address": "Test Address 2", "products": [1, 10]}}, {"model": "basket.basket", "pk": 1, "fields": {"user": 1}}, {"model": "basket.basket", "pk": 2, "fields": {"user": 2}}, {"model": "basket.basket", "pk": 3, "fields": {"user": 3}}, {"model": "basket.basket", "pk": 4, "fields": {"user": 4}}, {"model": "basket.basketitems", "pk": 1, "fields": {"cart": 1, "product": 3, "count": 1, "is_paid": true, "order": 1}}, {"model": "basket.basketitems", "pk": 2, "fields": {"cart": 1, "product": 7, "count": 1, "is_paid": true, "order": 1}}, {"model": "basket.basketitems", "pk": 3, "fields": {"cart": 1, "product": 5, "count": 1, "is_paid": true, "order": 1}}, {"model": "basket.basketitems", "pk": 4, "fields": {"cart": 1, "product": 6, "count": 2, "is_paid": true, "order": 2}}, {"model": "basket.basketitems", "pk": 5, "fields": {"cart": 1, "product": 2, "count": 1, "is_paid": true, "order": 2}}, {"model": "basket.basketitems", "pk": 6, "fields": {"cart": 2, "product": 10, "count": 1, "is_paid": true, "order": 3}}, {"model": "basket.basketitems", "pk": 7, "fields": {"cart": 2, "product": 1, "count": 1, "is_paid": true, "order": 3}}]